Label,# Samples,Average,Min,Max,Std. Dev.,Error %,Throughput,Received KB/sec,Sent KB/sec,Avg. Bytes
SYNC Email Send,500,6,3,163,11.58,0.000%,101.64668,51.52,48.44,519.0
ASYNC Email Send,500,3,2,10,0.90,0.000%,100.72522,51.35,48.20,522.0
CF Email Send,500,2,1,7,0.94,0.000%,100.80645,52.18,47.65,530.0
REDIS_QUEUE Email Send,500,2,1,22,1.35,0.000%,100.74552,50.67,49.39,515.0
TOTAL,2000,3,1,163,6.16,0.000%,100.94892,51.41,48.40,521.5
