Label,# Samples,Average,Min,Max,Std. Dev.,Error %,Throughput,Received KB/sec,Sent KB/sec,Avg. Bytes
SYNC Email Send,1000,63,14,150,31.97,0.000%,193.79845,130.12,97.66,687.5
ASYNC Email Send,1000,131,1,426,93.06,0.000%,176.24251,118.48,89.15,688.4
CF Email Send,1000,22,0,126,24.05,0.000%,196.54088,130.77,98.27,681.3
REDIS_QUEUE Email Send,1000,3,3,12,1.03,0.000%,199.80020,133.30,103.41,683.2
TOTAL,4000,55,0,426,70.56,0.000%,191.09497,127.85,96.85,685.1
